Suburb,avg_price,median_price,avg_building_area,total_revenue,transaction_count,avg_price_per_room,avg_landsize,price_to_area_ratio,revenue_pct,cumulative_revenue_pct,pareto_80
Brighton,1870824.6666666667,1773500.0,159.58393655913977,347973388.0,186,588640.2615053763,402.63978494623655,11723.14,2.4,2.4,True
Glen Iris,1619171.7948717948,1660000.0,157.37692307692308,315738500.0,195,503376.83743589744,527.6820512820512,10288.5,2.178,4.578,True
Balwyn North,1787557.3099415204,1739000.0,181.60233918128654,305672300.0,171,496119.701871345,678.6374269005848,9843.25,2.108,6.686,True
Kew,1684790.9604519773,1528500.0,157.09920903954804,298208000.0,177,515700.1210734463,479.66101694915255,10724.38,2.057,8.743,True
Richmond,1083679.8076923077,1078000.0,100.97846153846154,281756750.0,260,449917.6281538462,366.34615384615387,10731.79,1.943,10.686,True
Bentleigh East,1085591.9196787148,1085000.0,147.75345381526105,270312388.0,249,351293.02702811244,479.578313253012,7347.32,1.864,12.55,True
Reservoir,690911.4206128133,685000.0,124.77334261838439,248037200.0,359,252444.59164345404,472.51532033426184,5537.33,1.711,14.261,True
Northcote,1266647.6063829786,1255000.0,126.86170212765957,238129750.0,188,450617.68632978725,341.6808510638298,9984.48,1.642,15.903,True
Essendon,1065981.8181818181,1000000.0,134.41363636363636,234516000.0,220,366180.3411818182,396.8090909090909,7930.61,1.617,17.52,True
Hawthorn,1211994.7643979057,815000.0,108.64832460732985,231491000.0,191,474123.9090575916,424.9476439790576,11155.21,1.597,19.117,True
Camberwell,1708743.9393939395,1695000.0,154.17042727272727,225554200.0,132,523642.55053030304,544.1136363636364,11083.47,1.556,20.673,True
Brunswick,1014243.2432432432,952500.0,118.17454954954955,225162000.0,222,389857.54504504503,301.6936936936937,8582.59,1.553,22.226,True
Brighton East,1567730.4347826086,1590000.0,171.20065217391303,216346800.0,138,472195.6522463768,531.8695652173913,9157.27,1.492,23.718,True
Hampton,1661600.0,1612500.0,158.31153846153848,216008000.0,130,527800.5769230769,541.0538461538462,10495.76,1.49,25.208,True
Preston,903010.0418410042,910000.0,129.7379079497908,215819400.0,239,323126.45945606695,459.3347280334728,6960.26,1.488,26.696,True
South Yarra,1008224.2574257426,802000.0,87.42079207920793,203661300.0,202,478265.55287128716,305.8267326732673,11533.0,1.405,28.101,True
Balwyn,1844990.6542056075,1850000.0,185.79682242990654,197414000.0,107,543773.2087850467,546.2990654205607,9930.15,1.362,29.463,True
Surrey Hills,1573208.0,1650000.0,166.19224,196651000.0,125,470248.46672,536.912,9466.19,1.356,30.819,True
Port Melbourne,1229614.3790849673,1150000.0,111.35620915032679,188131000.0,153,508211.8735947712,331.94117647058823,11042.17,1.297,32.116,True
Malvern East,1551847.4957264957,1500000.0,154.56820512820514,181566157.0,117,486862.1586324787,456.5128205128205,10039.89,1.252,33.368,True
Hawthorn East,1511694.43697479,1465000.0,134.890756302521,179891638.0,119,513731.6723529412,469.00840336134456,11206.81,1.241,34.609,True
Bentleigh,1279500.0,1286000.0,161.97122302158274,177850500.0,139,394052.6723741007,480.24460431654677,7899.55,1.227,35.836,True
Coburg,923619.8736842105,901000.0,131.984,175487776.0,190,321880.98952631577,375.7736842105263,6997.97,1.21,37.046,True
Moonee Ponds,1121776.5100671141,1130000.0,139.21275167785237,167144700.0,149,388017.5055704698,351.8859060402685,8058.0,1.153,38.199,True
Yarraville,988615.512195122,953000.0,126.5240243902439,162132944.0,164,348115.83530487807,322.0060975609756,7813.66,1.118,39.317,True
Doncaster,1260880.1724137932,1292500.0,172.67672413793105,146262100.0,116,357771.8534482759,584.1810344827586,7301.97,1.009,40.326,True
Newport,1061781.0218978103,970000.0,140.06204379562044,145464000.0,137,364541.1197080292,427.24817518248176,7580.79,1.003,41.329,True
Williamstown,1312481.308411215,1262000.0,153.78205607476636,140435500.0,107,416253.11542056076,305.8411214953271,8534.68,0.969,42.298,True
Toorak,1395258.01,937500.0,122.825,139525801.0,100,544237.1767000001,356.69,11359.72,0.962,43.26,True
Carnegie,947413.4246575342,875000.0,115.60958904109589,138322360.0,146,374324.54328767123,347.4246575342466,8194.94,0.954,44.214,True
Ascot Vale,1053226.923076923,1007500.0,135.3923076923077,136919500.0,130,364466.9869230769,386.1307692307692,7779.08,0.944,45.158,True
Prahran,1095778.861788618,1055000.0,101.54471544715447,134780800.0,123,483216.5311382114,243.97560975609755,10791.1,0.93,46.088,True
St Kilda,830696.2962962963,570000.0,91.56419753086419,134572800.0,162,393921.7077160494,441.6296296296296,9072.28,0.928,47.016,True
Armadale,1408952.6315789474,1200000.0,114.2918947368421,133850500.0,95,532990.3508421052,395.29473684210524,12327.67,0.923,47.939,True
Thornbury,957547.7553956835,998000.0,110.80935251798562,133099138.0,139,384068.7435971223,323.0935251798561,8641.4,0.918,48.857,True
Pascoe Vale,778236.8421052631,767000.0,128.41520467836258,133078500.0,171,279500.2925146199,434.89473684210526,6060.32,0.918,49.775,True
Albert Park,1912369.5652173914,1900000.0,122.8768115942029,131953500.0,69,720108.6957971014,176.65217391304347,15563.31,0.91,50.685,True
Elwood,926814.8778625954,687500.0,91.84351145038168,121412749.0,131,411176.52297709923,366.19847328244276,10091.24,0.837,51.522,True
Fitzroy North,1275185.4838709678,1275000.0,116.2709677419355,118592250.0,93,517043.9067741935,383.06451612903226,10967.36,0.818,52.34,True
Ivanhoe,1204260.2040816327,1062500.0,145.30612244897958,118017500.0,98,404565.1360204081,461.1020408163265,8287.75,0.814,53.154,True
Malvern,1668798.5074626866,1611000.0,140.2731343283582,111809500.0,67,560437.8108955224,335.8805970149254,11896.78,0.771,53.925,True
South Melbourne,1303505.8823529412,1200000.0,111.03658823529412,110798000.0,85,521743.13729411765,164.57647058823528,11739.43,0.764,54.689,True
Canterbury,2029777.7777777778,1890000.0,180.58333333333334,109608000.0,54,587703.7037037037,607.074074074074,11240.12,0.756,55.445,True
Templestowe Lower,1188771.7391304348,1181750.0,177.0054347826087,109367000.0,92,329626.26815217396,675.4565217391304,6716.02,0.754,56.199,True
Glenroy,674937.3270440252,670000.0,128.55201257861634,107315035.0,159,232892.4579245283,567.6352201257862,5250.31,0.74,56.939,True
Burwood,1249842.857142857,1262500.0,153.1642857142857,104986800.0,84,382376.2471428571,565.7738095238095,8160.15,0.724,57.663,True
Ashburton,1726058.3333333333,1658500.0,177.08333333333334,103563500.0,60,523574.02783333336,626.0833333333334,9747.15,0.714,58.377,True
Keilor East,811580.9917355372,807000.0,153.17355371900825,98201300.0,121,252474.79363636364,537.9173553719008,5298.44,0.677,59.054,True
Kensington,831667.4358974359,812000.0,103.36495726495727,97305090.0,117,363269.18794871797,475.04273504273505,8045.93,0.671,59.725,True
Footscray,708893.9393939395,751000.0,101.6719696969697,93574000.0,132,291033.459469697,310.3636363636364,6972.36,0.645,60.37,True
Brunswick West,844454.5454545454,881250.0,114.06818181818181,92890000.0,110,321317.58645454544,327.7909090909091,7403.07,0.641,61.011,True
Ormond,1104554.21686747,1005500.0,123.6921686746988,91678000.0,83,398636.94771084335,419.0,8929.86,0.632,61.643,True
Kew East,1694163.2653061224,1750000.0,161.91836734693877,83014000.0,49,511495.237755102,644.6326530612245,10463.07,0.573,62.216,True
West Footscray,788942.8571428572,840000.0,126.22104761904761,82839000.0,105,283632.85723809525,376.2761904761905,6250.49,0.571,62.787,True
Bulleen,1155343.661971831,1160000.0,174.45070422535213,82029400.0,71,352648.82661971834,595.4929577464789,6622.75,0.566,63.353,True
Brunswick East,929193.1818181818,938500.0,105.46931818181817,81769000.0,88,381925.1894318182,255.9431818181818,8810.08,0.564,63.917,True
Niddrie,971628.0487804879,965000.0,146.64926829268293,79673500.0,82,347336.3823170732,479.7439024390244,6625.52,0.549,64.466,True
Murrumbeena,969740.0975609756,910250.0,117.79878048780488,79518688.0,82,365034.30097560975,467.5731707317073,8232.17,0.548,65.014,True
Sunshine,715918.9099099099,702000.0,130.8409009009009,79466999.0,111,243465.83774774772,482.8018018018018,5471.68,0.548,65.562,True
Maribyrnong,826856.25,820000.0,143.36604166666666,79378200.0,96,277152.7775,585.3020833333334,5767.45,0.547,66.109,True
Mount Waverley,1384396.49122807,1387000.0,161.66614035087719,78910600.0,57,409545.3219298246,613.3859649122807,8563.31,0.544,66.653,True
Elsternwick,1275377.049180328,1060000.0,135.62295081967213,77798000.0,61,440659.8360655738,393.672131147541,9403.84,0.537,67.19,True
Box Hill,1277557.627118644,1325000.0,134.35593220338984,75375900.0,59,414653.3901694915,470.9491525423729,9508.75,0.52,67.71,True
Strathmore,1189452.380952381,1150000.0,181.32539682539684,74935500.0,63,348095.993968254,561.2222222222222,6559.77,0.517,68.227,True
Fitzroy,1251983.0508474577,1100000.0,110.09322033898304,73867000.0,59,527021.1862711865,481.77966101694915,11372.03,0.509,68.736,True
Carlton North,1509979.1666666667,1463000.0,121.03687500000001,72479000.0,48,579725.6945833333,287.1666666666667,12475.36,0.5,69.236,True
North Melbourne,884638.1358024691,780000.0,91.5246913580247,71655689.0,81,407828.3271604938,270.5308641975309,9665.57,0.494,69.73,True
Maidstone,715414.8936170213,713000.0,120.41936170212766,67249000.0,94,263796.0992553191,448.8829787234043,5941.03,0.464,70.194,True
Fawkner,649632.3529411765,651250.0,129.86078431372547,66262500.0,102,221890.2774509804,524.8627450980392,5002.53,0.457,70.651,True
Clifton Hill,1149500.0,1180000.0,109.46491228070175,65521500.0,57,481358.91789473686,176.3684210526316,10501.08,0.452,71.103,True
Middle Park,1914882.3529411764,1880000.0,129.7941176470588,65106000.0,34,668696.0782352941,209.94117647058823,14753.23,0.449,71.552,True
Moorabbin,985371.09375,977500.0,131.8515625,63063750.0,64,327660.80765625,532.546875,7473.34,0.435,71.987,True
Glen Waverley,1393630.8444444444,1292000.0,155.73000000000002,62713388.0,45,407966.41488888895,657.0222222222222,8949.02,0.433,72.42,True
Altona,834830.4054054054,773500.0,127.45270270270271,61777450.0,74,283381.1936486486,431.81081081081084,6550.12,0.426,72.846,True
Rosanna,998844.262295082,971000.0,146.81967213114754,60929500.0,61,317372.4045901639,579.9672131147541,6803.2,0.42,73.266,True
Seddon,969991.9354838709,947500.0,123.49193548387096,60139500.0,62,361487.9033870968,228.8548387096774,7854.7,0.415,73.681,True
Collingwood,924192.3076923077,910000.0,94.63076923076923,60072500.0,65,445773.0766153846,393.9846153846154,9766.3,0.414,74.095,True
Avondale Heights,805993.2432432432,769000.0,150.34459459459458,59643500.0,74,249880.6308108108,570.5675675675676,5360.97,0.411,74.506,True
Abbotsford,1060366.0714285714,1093500.0,104.54464285714286,59380500.0,56,449138.3923214286,269.01785714285717,10142.71,0.41,74.916,True
Heidelberg Heights,753991.6666666666,710875.0,119.0576923076923,58811350.0,78,277716.23935897433,474.5769230769231,6332.99,0.406,75.322,True
Windsor,972533.3333333334,817500.0,93.115,58352000.0,60,443752.77783333336,224.2,10444.43,0.402,75.724,True
Oakleigh South,999438.7413793104,968000.0,143.2844827586207,57967447.0,58,315935.979137931,549.0,6975.21,0.4,76.124,True
Doncaster East,1384463.4146341463,1385000.0,186.69560975609758,56763000.0,41,381741.86902439024,610.1463414634146,7415.62,0.391,76.515,True
Mont Albert,1637985.294117647,1583500.0,165.76470588235293,55691500.0,34,467798.0394117647,692.3235294117648,9881.39,0.384,76.899,True
Aberfeldie,1265409.0909090908,1300000.0,149.83636363636364,55678000.0,44,422817.80272727273,514.7727272727273,8445.27,0.384,77.283,True
Carlton,1066948.0392156863,957000.0,108.33333333333333,54414350.0,51,413158.17039215687,304.11764705882354,9848.75,0.375,77.658,True
Flemington,875129.0322580645,917500.0,100.49838709677418,54258000.0,62,359434.14,223.59677419354838,8707.89,0.374,78.032,True
Caulfield South,1144287.2340425532,1160500.0,126.06382978723404,53781500.0,47,425415.77978723403,365.1489361702128,9077.05,0.371,78.403,True
Ashwood,1154673.9130434783,1163000.0,147.29347826086956,53115000.0,46,379874.63782608695,561.0,7839.27,0.366,78.769,True
Oak Park,835890.619047619,821000.0,146.1031746031746,52661109.0,63,267302.54888888885,484.6031746031746,5721.24,0.363,79.132,True
Oakleigh,1109627.6595744682,1050000.0,147.14893617021278,52152500.0,47,343277.30468085106,537.2127659574468,7540.85,0.36,79.492,True
Sunshine West,594382.5581395349,591500.0,137.82034883720928,51116900.0,86,189490.89220930234,592.3139534883721,4312.73,0.353,79.845,True
Airport West,756656.7313432836,755000.0,135.37865671641794,50696001.0,67,256825.87492537315,432.8805970149254,5589.19,0.35,80.195,False
Heidelberg West,644542.7631578947,648125.0,110.92052631578946,48985250.0,76,260303.7282894737,499.63157894736844,5810.85,0.338,80.533,False
Alphington,1400823.5294117648,1516000.0,140.38235294117646,47628000.0,34,435694.85264705884,454.97058823529414,9978.63,0.328,80.861,False
Cheltenham,1030065.2173913043,1073000.0,145.09782608695653,47383000.0,46,333467.39152173913,532.5,7099.11,0.327,81.188,False
Heidelberg,928833.3333333334,835000.0,133.63725490196077,47370500.0,51,316330.718627451,609.0588235294117,6950.41,0.327,81.515,False
Fairfield,1077046.511627907,1125000.0,112.18604651162791,46313000.0,43,389242.2481395349,339.1860465116279,9600.54,0.319,81.834,False
Coburg North,804401.7857142857,780000.0,129.19526964285714,45046500.0,56,281972.91660714283,439.125,6226.25,0.311,82.145,False
Altona North,800973.2142857143,770000.0,147.25892857142858,44854500.0,56,253688.2442857143,517.125,5439.22,0.309,82.454,False
Sunshine North,658685.2941176471,650000.0,137.39117647058825,44790600.0,68,215764.21573529413,552.4264705882352,4794.23,0.309,82.763,False
Hadfield,684684.8709677419,717500.0,137.15322580645162,42450462.0,62,234476.54612903224,518.8709677419355,4992.12,0.293,83.056,False
Eaglemont,1831695.652173913,1901000.0,200.34782608695653,42129000.0,23,540867.3917391304,802.5217391304348,9142.58,0.291,83.347,False
Ivanhoe East,1679680.0,1740000.0,175.78,41992000.0,25,546086.0004,760.36,9555.58,0.29,83.637,False
Sandringham,1678820.0,1710000.0,191.6,41970500.0,25,438296.6664,447.36,8762.11,0.289,83.926,False
Parkville,1264761.2903225806,1040000.0,112.37096774193549,39207600.0,31,523605.10741935484,857.7096774193549,11255.23,0.27,84.196,False
Watsonia,748755.7692307692,720000.0,130.7,38935300.0,52,252851.4423076923,502.0769230769231,5728.81,0.269,84.465,False
Viewbank,933591.4634146341,920000.0,169.28048780487805,38277250.0,41,268608.02829268295,615.2439024390244,5515.06,0.264,84.729,False
Hughesdale,1093457.142857143,1167500.0,130.63685714285714,38271000.0,35,365548.81,424.57142857142856,8370.2,0.264,84.993,False
Caulfield North,1018928.5714285715,622000.0,110.80857142857144,35662500.0,35,391430.9522857143,376.2,9195.39,0.246,85.239,False
Highett,1267148.148148148,1225000.0,159.92592592592592,34213000.0,27,407382.7162962963,503.4074074074074,7923.34,0.236,85.475,False
Chadstone,965242.8571428572,965000.0,135.82857142857142,33783500.0,35,305200.0002857143,491.6857142857143,7106.33,0.233,85.708,False
Wheelers Hill,1251488.4615384615,1203000.0,199.96153846153845,32538700.0,26,306654.1669230769,734.0384615384615,6258.65,0.224,85.932,False
Braybrook,684102.1739130435,665000.0,129.91304347826087,31468700.0,46,240241.4854347826,546.804347826087,5265.85,0.217,86.149,False
West Melbourne,994677.4193548387,995000.0,121.88709677419355,30835000.0,31,415607.5270967742,168.25806451612902,8160.65,0.213,86.362,False
Beaumaris,1701277.7777777778,1635500.0,195.22222222222223,30623000.0,18,470666.6666666667,634.9444444444445,8714.57,0.211,86.573,False
Parkdale,1271052.0833333333,1260000.0,163.875,30505250.0,24,391741.31916666665,497.75,7756.23,0.21,86.783,False
Templestowe,1590684.2105263157,1450000.0,224.73684210526315,30223000.0,19,387403.5089473684,888.0,7077.99,0.208,86.991,False
Bundoora,835027.7777777778,756500.0,160.41666666666666,30061000.0,36,238202.77722222224,538.4166666666666,5205.37,0.207,87.198,False
Mulgrave,1034310.3448275862,902000.0,157.44827586206895,29995000.0,29,305173.5627586207,633.7241379310345,6569.21,0.207,87.405,False
Greensborough,827180.5555555555,816000.0,150.72222222222223,29778500.0,36,258149.30583333332,651.2777777777778,5488.11,0.205,87.61,False
Epping,569062.5,560500.0,148.16423076923076,29591250.0,52,180658.65384615384,479.40384615384613,3840.75,0.204,87.814,False
East Melbourne,1337045.4545454546,897500.0,101.0,29415000.0,22,673155.3031818182,214.72727272727272,13238.07,0.203,88.017,False
Mitcham,964460.0,965500.0,155.95333333333335,28933800.0,30,315244.99966666667,511.3,6184.29,0.2,88.217,False
Melbourne,619445.6521739131,542500.0,76.3913043478261,28494500.0,46,356208.33304347825,251.67391304347825,8108.85,0.197,88.414,False
Kingsville,836476.4705882353,880000.0,112.55882352941177,28440200.0,34,335806.86264705885,235.35294117647058,7431.46,0.196,88.61,False
Mill Park,658575.5813953489,675000.0,152.49302325581394,28318750.0,43,201341.08581395348,560.5116279069767,4318.73,0.195,88.805,False
Essendon West,1088000.0,1080000.0,162.73076923076923,28288000.0,26,336734.20307692303,441.38461538461536,6685.89,0.195,89.0,False
Croydon,849772.7272727273,860000.0,156.43939393939394,28042500.0,33,265051.01,871.7878787878788,5431.96,0.193,89.193,False
Spotswood,935810.3448275862,871500.0,143.19310344827588,27138500.0,29,317875.0003448276,447.0,6535.3,0.187,89.38,False
Lalor,638750.0,665500.0,139.26190476190476,26827500.0,42,211708.33333333334,560.7619047619048,4586.68,0.185,89.565,False
Blackburn,1275523.8095238095,1350000.0,147.0952380952381,26786000.0,21,413321.42904761905,637.3333333333334,8671.41,0.185,89.75,False
Hampton East,1048440.0,1070000.0,125.54,26211000.0,25,364669.9992,438.0,8351.44,0.181,89.931,False
Craigieburn,557340.4255319149,548000.0,162.19765957446808,26195000.0,47,156317.37617021275,487.21276595744683,3436.18,0.181,90.112,False
Southbank,634012.1951219512,600000.0,86.0,25994500.0,41,319250.0,698.3658536585366,7372.23,0.179,90.291,False
Werribee,510754.0,490000.0,141.4,25537700.0,50,160370.5,584.36,3612.12,0.176,90.467,False
Mentone,956346.1538461539,892500.0,143.18981538461537,24865000.0,26,315958.3342307692,475.6923076923077,6678.87,0.171,90.638,False
Albion,604853.6585365854,613000.0,116.2560975609756,24799000.0,41,232658.53609756098,545.0243902439024,5202.77,0.171,90.809,False
Wantirna South,1102863.6363636365,1107500.0,189.5681818181818,24263000.0,22,280223.48454545456,618.0909090909091,5817.77,0.167,90.976,False
Cremorne,960700.0,1000000.0,99.36,24017500.0,25,447883.3332,127.12,9668.88,0.166,91.142,False
Forest Hill,982340.9090909091,1005500.0,174.65454545454546,21611500.0,22,303087.12136363634,512.5,5624.48,0.149,91.291,False
Eltham,858340.0,855000.0,158.2,21458500.0,25,253188.3332,743.76,5425.66,0.148,91.439,False
Hoppers Crossing,563857.8947368421,540500.0,150.54052631578946,21426600.0,38,170237.71894736844,655.078947368421,3745.56,0.148,91.587,False
Nunawading,1025550.0,1021000.0,140.35,20511000.0,20,321958.334,553.95,7307.09,0.141,91.728,False
Balaclava,749944.4444444445,520000.0,81.37037037037037,20248500.0,27,348793.21,241.03703703703704,9216.43,0.14,91.868,False
Yallambie,839687.5,773000.0,168.05833333333334,20152500.0,24,244001.73625,599.375,4996.41,0.139,92.007,False
Sunbury,528480.2631578947,496750.0,145.31578947368422,20082250.0,38,162843.20236842107,685.6842105263158,3636.77,0.139,92.146,False
Mordialloc,1109750.0,1197500.0,164.16666666666666,19975500.0,18,367810.185,435.5,6759.9,0.138,92.284,False
Essendon North,881068.1818181818,792500.0,110.35909090909091,19383500.0,22,319321.97,434.3636363636364,7983.65,0.134,92.418,False
Ringwood,966624.95,920000.0,136.125,19332499.0,20,324754.154,700.05,7101.01,0.133,92.551,False
Thomastown,653482.7586206896,640000.0,136.89655172413794,18951000.0,29,210755.74655172415,546.2068965517242,4773.55,0.131,92.682,False
Dingley Village,894666.6666666666,871000.0,162.95238095238096,18788000.0,21,268873.0157142857,648.7619047619048,5490.36,0.13,92.812,False
Ferntree Gully,834340.3636363636,783050.0,167.0,18355488.0,22,270644.1813636364,774.7272727272727,4996.05,0.127,92.939,False
Burwood East,1087031.25,1016000.0,147.23425625,17392500.0,16,329814.583125,519.9375,7383.0,0.12,93.059,False
Blackburn North,1204500.0,1225000.0,189.53571428571428,16863000.0,14,328303.5721428571,623.2857142857143,6355.0,0.116,93.175,False
Gowanbrae,691395.8333333334,690000.0,163.20833333333334,16593500.0,24,199223.95833333334,487.0,4236.28,0.114,93.289,False
Williamstown North,871657.8947368421,862000.0,135.75526315789475,16561500.0,19,297614.0347368421,396.6842105263158,6420.8,0.114,93.403,False
Clayton,1266269.2307692308,1115000.0,149.65384615384616,16461500.0,13,378525.64,606.0769230769231,8461.32,0.114,93.517,False
Frankston South,1005000.0,885000.0,171.625,16080000.0,16,301927.08375,1321.25,5855.79,0.111,93.628,False
Taylors Lakes,729409.0909090909,710000.0,183.4090909090909,16047000.0,22,203196.96954545454,650.3181818181819,3976.95,0.111,93.739,False
South Kingsville,729284.0909090909,802500.0,121.04545454545455,16044250.0,22,263229.1663636364,351.72727272727275,6024.88,0.111,93.85,False
Black Rock,1335791.6666666667,1147500.0,145.29166666666666,16029500.0,12,405729.1666666667,460.4166666666667,9193.86,0.111,93.961,False
Vermont South,1228692.3076923077,1250000.0,202.5,15973000.0,13,296269.23076923075,759.0,6067.62,0.11,94.071,False
Donvale,1212423.076923077,920000.0,174.6153846153846,15761500.0,13,333611.1715384616,821.9230769230769,6943.39,0.109,94.18,False
Montmorency,901358.8235294118,900000.0,145.44117647058823,15323100.0,17,285894.1182352941,657.3529411764706,6197.41,0.106,94.286,False
Frankston,638354.1666666666,637000.0,140.8975,15320500.0,24,199157.98625,624.375,4530.63,0.106,94.392,False
Vermont,1084000.0,1076250.0,170.07142857142858,15176000.0,14,286517.2614285714,568.9285714285714,6373.79,0.105,94.497,False
Heathmont,946781.25,916000.0,156.5625,15148500.0,16,275241.145,569.0625,6047.31,0.104,94.601,False
St Albans,603524.0,610000.0,128.68,15088100.0,25,212572.9996,565.12,4690.12,0.104,94.705,False
Keilor Park,672090.9090909091,695000.0,143.70454545454547,14786000.0,22,210873.10636363635,487.1363636363636,4676.89,0.102,94.807,False
Broadmeadows,610543.4782608695,575500.0,119.87869565217392,14042500.0,23,230072.4630434783,600.6086956521739,5093.01,0.097,94.904,False
South Morang,640809.5238095238,612000.0,187.88095238095238,13457000.0,21,176225.39714285714,482.04761904761904,3410.72,0.093,94.997,False
Glen Huntly,778735.2941176471,636500.0,98.41176470588235,13238500.0,17,345985.29411764705,341.05882352941177,7913.03,0.091,95.088,False
Jacana,529040.0,551000.0,114.4492,13226000.0,25,181540.0,604.76,4622.49,0.091,95.179,False
Bellfield,822531.25,804000.0,119.530625,13160500.0,16,295239.583125,610.9375,6881.34,0.091,95.27,False
Gladstone Park,653975.0,656500.0,156.0,13079500.0,20,193135.0,530.45,4192.15,0.09,95.36,False
Blackburn South,1079916.6666666667,1190500.0,127.5,12959000.0,12,353673.61000000004,803.5833333333334,8469.93,0.089,95.449,False
Oakleigh East,1174545.4545454546,1150000.0,149.27272727272728,12920000.0,11,371636.3645454545,588.6363636363636,7868.45,0.089,95.538,False
Greenvale,751000.0,770000.0,216.4829411764706,12767000.0,17,191311.27470588236,722.1176470588235,3469.1,0.088,95.626,False
McKinnon,1500000.0,1452500.0,158.75,12000000.0,8,458906.25,461.25,9448.82,0.083,95.709,False
Boronia,856392.8571428572,777500.0,155.60714285714286,11989500.0,14,233065.4757142857,943.2857142857143,5503.56,0.083,95.792,False
Hillside,663102.7777777778,648000.0,183.25,11935850.0,18,174609.95388888888,684.2222222222222,3618.57,0.082,95.874,False
Wantirna,993166.6666666666,975500.0,169.0,11918000.0,12,291763.88916666666,741.25,5876.73,0.082,95.956,False
Eltham North,910809.0,900000.0,195.53846153846155,11840517.0,13,234904.28153846154,928.6923076923077,4657.95,0.082,96.038,False
Kealba,583263.1578947369,570000.0,175.57894736842104,11082000.0,19,163052.63263157895,560.9473684210526,3321.94,0.076,96.114,False
Ringwood East,909500.0,855000.0,117.0,10914000.0,12,296479.1675,599.0,7773.5,0.075,96.189,False
Bayswater,759642.8571428572,737500.0,139.64285714285714,10635000.0,14,227214.2857142857,610.5714285714286,5439.9,0.073,96.262,False
Dandenong North,648593.75,622750.0,143.09375,10377500.0,16,191755.208125,589.1875,4532.65,0.072,96.334,False
Seaford,729535.7142857143,769000.0,162.55357142857142,10213500.0,14,206250.00071428574,607.4285714285714,4487.97,0.07,96.404,False
Travancore,1010450.0,978000.0,121.95,10104500.0,10,349975.0,552.4,8285.77,0.07,96.474,False
Keilor Downs,672200.0,680000.0,156.53133333333332,10083000.0,15,200872.22266666667,702.6666666666666,4294.35,0.07,96.544,False
Berwick,757384.6153846154,740000.0,205.69307692307694,9846000.0,13,207935.89769230768,710.4615384615385,3682.11,0.068,96.612,False
Caulfield East,1088222.2222222222,1335000.0,128.55555555555554,9794000.0,9,355750.0,643.6666666666666,8465.0,0.068,96.68,False
Caulfield,809458.3333333334,644000.0,114.375,9713500.0,12,321840.2775,388.9166666666667,7077.23,0.067,96.747,False
Clayton South,861136.3636363636,850000.0,127.13636363636364,9472500.0,11,288469.69545454544,632.8181818181819,6773.33,0.065,96.812,False
Kingsbury,727846.2307692308,705500.0,126.61538461538461,9462001.0,13,233788.48153846152,507.6923076923077,5748.48,0.065,96.877,False
Ringwood North,929200.0,927500.0,178.7,9292000.0,10,250141.667,659.5,5199.78,0.064,96.941,False
Edithvale,989833.3333333334,875000.0,161.83333333333334,8908500.0,9,295287.03777777776,570.7777777777778,6116.37,0.061,97.002,False
Keysborough,809636.3636363636,752000.0,159.45454545454547,8906000.0,11,247757.57636363636,516.8181818181819,5077.54,0.061,97.063,False
Rowville,888880.0,865000.0,204.4,8888800.0,10,237786.667,626.7,4348.73,0.061,97.124,False
Mooroolbark,736875.0,725000.0,131.37916666666666,8842500.0,12,231415.2775,931.4166666666666,5608.77,0.061,97.185,False
Westmeadows,621857.1428571428,599000.0,153.07142857142858,8706000.0,14,199714.28642857142,552.2857142857143,4062.53,0.06,97.245,False
Burnley,1241715.7142857143,1202500.0,111.71428571428571,8692010.0,7,516750.71428571426,290.42857142857144,11115.1,0.06,97.305,False
Princes Hill,1734600.0,1700000.0,141.2,8673000.0,5,600566.666,268.4,12284.7,0.06,97.365,False
Deer Park,606607.1428571428,630750.0,139.0,8492500.0,14,195672.62000000002,626.0,4364.08,0.059,97.424,False
Meadow Heights,491941.17647058825,482000.0,131.35294117647058,8363000.0,17,146835.78411764707,619.5294117647059,3745.19,0.058,97.482,False
Point Cook,639769.2307692308,635000.0,207.73076923076923,8317000.0,13,164198.7176923077,473.53846153846155,3079.8,0.057,97.539,False
Noble Park,679166.6666666666,668000.0,130.01666666666668,8150000.0,12,222465.27833333332,614.3333333333334,5223.69,0.056,97.595,False
Dandenong,610961.5384615385,583000.0,130.6153846153846,7942500.0,13,208509.61615384617,575.0769230769231,4677.56,0.055,97.65,False
Tullamarine,610500.0,586000.0,131.17846153846153,7936500.0,13,203166.6676923077,402.6923076923077,4653.97,0.055,97.705,False
Aspendale,1125285.7142857143,1150000.0,158.42857142857142,7877000.0,7,327214.2842857143,444.57142857142856,7102.8,0.054,97.759,False
Scoresby,958225.0,956000.0,151.75,7665800.0,8,276991.66625,838.5,6314.5,0.053,97.812,False
Watsonia North,763500.0,747500.0,146.6,7635000.0,10,227958.333,649.0,5208.05,0.053,97.865,False
Springvale,836277.7777777778,770000.0,147.02777777777777,7526500.0,9,262518.5188888889,613.1111111111111,5687.89,0.052,97.917,False
Keilor,832500.0,840000.0,169.33333333333334,7492500.0,9,250255.55555555556,594.5555555555555,4916.34,0.052,97.969,False
Huntingdale,1064828.5714285714,1093800.0,129.0,7453800.0,7,327145.2385714286,552.7142857142857,8254.49,0.051,98.02,False
Seaholme,1226166.6666666667,1385000.0,178.29999999999998,7357000.0,6,347916.6666666667,520.5,6876.99,0.051,98.071,False
Roxburgh Park,484846.6666666667,490000.0,140.2,7272700.0,15,149637.778,429.8,3458.25,0.05,98.121,False
Caroline Springs,644000.0,600000.0,187.3172727272727,7084000.0,11,188530.30272727273,400.72727272727275,3438.02,0.049,98.17,False
Ripponlea,769500.0,605000.0,90.11111111111111,6925500.0,9,349444.44444444444,529.3333333333334,8539.46,0.048,98.218,False
Melton South,381819.44444444444,390000.0,124.77777777777777,6872750.0,18,122928.2411111111,601.8888888888889,3060.0,0.047,98.265,False
Gardenvale,1126333.3333333333,922500.0,149.66666666666666,6758000.0,6,342777.7783333333,208.0,7525.61,0.047,98.312,False
Carrum Downs,545750.0,549250.0,157.08333333333334,6549000.0,12,171361.11166666666,610.5,3474.27,0.045,98.357,False
Carrum,715833.3333333334,687500.0,129.0,6442500.0,9,240814.81555555554,410.77777777777777,5549.1,0.044,98.401,False
Warrandyte,1219200.0,1200000.0,167.0,6096000.0,5,338566.666,1904.8,7300.6,0.042,98.443,False
Croydon North,856000.0,835000.0,182.57142857142858,5992000.0,7,235285.7142857143,1143.857142857143,4688.58,0.041,98.484,False
Briar Hill,734062.5,673750.0,141.875,5872500.0,8,287760.4175,519.0,5174.01,0.041,98.525,False
Brooklyn,648900.0,555000.0,116.55555555555556,5840100.0,9,271005.5544444445,351.6666666666667,5567.3,0.04,98.565,False
Strathmore Heights,953666.5,940999.5,198.0,5721999.0,6,252305.51333333334,565.8333333333334,4816.5,0.039,98.604,False
Bayswater North,706500.0,712000.0,136.5,5652000.0,8,226125.0,629.0,5175.82,0.039,98.643,False
Mernda,601166.6666666666,596000.0,183.44444444444446,5410500.0,9,164124.9988888889,509.0,3277.1,0.037,98.68,False
Gisborne,648625.0,670000.0,172.75,5189000.0,8,180708.3325,1598.875,3754.7,0.036,98.716,False
Melton,429041.6666666667,412500.0,150.86333333333334,5148500.0,12,115465.27750000001,746.1666666666666,2843.91,0.036,98.752,False
Diamond Creek,836500.0,856500.0,187.66666666666666,5019000.0,6,246319.44499999998,792.0,4457.37,0.035,98.787,False
Tarneit,491400.0,500500.0,155.6,4914000.0,10,142045.834,417.6,3158.1,0.034,98.821,False
Cairnlea,679571.4285714285,640000.0,175.0257142857143,4757000.0,7,199250.0,467.57142857142856,3882.69,0.033,98.854,False
Narre Warren,653571.4285714285,650000.0,143.57142857142858,4575000.0,7,200625.00142857144,774.7142857142857,4552.24,0.032,98.886,False
Bonbeach,1137750.0,942500.0,146.25,4551000.0,4,341125.0025,494.25,7779.49,0.031,98.917,False
Wollert,501811.1111111111,525000.0,167.90333333333334,4516300.0,9,159881.48111111112,311.44444444444446,2988.69,0.031,98.948,False
Kooyong,2185000.0,2185000.0,217.5,4370000.0,2,707500.0,310.0,10045.98,0.03,98.978,False
Knoxfield,1084500.0,1055000.0,230.25,4338000.0,4,257750.0,719.75,4710.1,0.03,99.008,False
Taylors Hill,609142.8571428572,605500.0,209.57142857142858,4264000.0,7,182020.23857142855,526.7142857142857,2906.61,0.029,99.037,False
Altona Meadows,671750.0,685000.0,149.06666666666666,4030500.0,6,202250.0,507.5,4506.37,0.028,99.065,False
Langwarrin,654583.3333333334,607750.0,148.66666666666666,3927500.0,6,203402.77833333332,790.3333333333334,4403.03,0.027,99.092,False
Hallam,780900.0,662500.0,137.574,3904500.0,5,260299.998,933.6,5676.22,0.027,99.119,False
Clarinda,972575.0,929650.0,231.0,3890300.0,4,236360.83250000002,524.0,4210.28,0.027,99.146,False
Lower Plenty,775800.0,800000.0,181.2,3879000.0,5,230650.0,549.6,4281.46,0.027,99.173,False
Croydon Hills,911500.0,918000.0,173.0,3646000.0,4,263729.16500000004,712.25,5268.79,0.025,99.198,False
Chelsea,725800.0,750000.0,112.6,3629000.0,5,280733.334,463.0,6445.83,0.025,99.223,False
Derrimut,709000.0,695000.0,182.0,3545000.0,5,187750.0,573.2,3895.6,0.024,99.247,False
Aspendale Gardens,885250.0,875000.0,145.0,3541000.0,4,277583.3325,527.75,6105.17,0.024,99.271,False
Endeavour Hills,705200.0,630000.0,159.4,3526000.0,5,197583.332,712.2,4424.09,0.024,99.295,False
Doveton,496500.0,500000.0,109.0,3475500.0,7,176750.0,621.0,4555.05,0.024,99.319,False
Melton West,433875.0,428750.0,147.365,3471000.0,8,123526.04125,695.25,2944.22,0.024,99.343,False
Delahey,543416.6666666666,555000.0,127.81666666666666,3260500.0,6,174125.0,485.0,4251.53,0.022,99.365,False
Albanvale,537083.3333333334,540750.0,128.66666666666666,3222500.0,6,181458.33333333334,501.1666666666667,4174.22,0.022,99.387,False
Notting Hill,1042000.0,1075000.0,138.33333333333334,3126000.0,3,313694.44333333336,549.0,7532.53,0.022,99.409,False
Kilsyth,776000.0,791500.0,114.25,3104000.0,4,258666.6675,888.25,6792.12,0.021,99.43,False
St Helena,1029666.6666666666,897000.0,216.66666666666666,3089000.0,3,281577.7766666667,987.3333333333334,4752.31,0.021,99.451,False
Sydenham,615100.0,620000.0,152.4,3075500.0,5,192700.0,608.4,4036.09,0.021,99.472,False
Chelsea Heights,750625.0,728500.0,169.5,3002500.0,4,207108.33500000002,572.5,4428.47,0.021,99.493,False
Doreen,493833.3333333333,515250.0,165.83333333333334,2963000.0,6,152736.11,381.8333333333333,2977.89,0.02,99.513,False
Kings Park,539000.0,530000.0,133.38,2695000.0,5,165800.0,551.0,4041.09,0.019,99.532,False
Dallas,425000.0,439750.0,120.83333333333333,2550000.0,6,141666.66666666666,599.8333333333334,3517.24,0.018,99.55,False
Docklands,843333.3333333334,800000.0,121.83333333333333,2530000.0,3,367500.0,0.0,6922.02,0.017,99.567,False
Waterways,1248500.0,1248500.0,217.0,2497000.0,2,312125.0,612.0,5753.46,0.017,99.584,False
North Warrandyte,1226000.0,1226000.0,234.0,2452000.0,2,267750.0,2217.5,5239.32,0.017,99.601,False
Deepdene,1195000.0,1195000.0,134.0,2390000.0,2,387500.0,893.5,8917.91,0.016,99.617,False
The Basin,584550.0,580600.0,123.0,2338200.0,4,194849.9975,900.25,4752.44,0.016,99.633,False
Truganina,462870.0,451000.0,135.3,2314350.0,5,156540.0,333.8,3421.06,0.016,99.649,False
Springvale South,766666.6666666666,750000.0,141.66666666666666,2300000.0,3,231944.44333333333,665.6666666666666,5411.76,0.016,99.665,False
Hampton Park,552000.0,591500.0,138.5,2208000.0,4,158020.8325,560.25,3985.56,0.015,99.68,False
Silvan,1077500.0,1077500.0,160.0,2155000.0,2,314583.33499999996,2978.0,6734.38,0.015,99.695,False
Frankston North,531500.0,531500.0,104.5,2126000.0,4,177166.6675,651.0,5086.12,0.015,99.71,False
Ardeer,667333.3333333334,645000.0,114.66666666666667,2002000.0,3,222444.44333333333,679.6666666666666,5819.77,0.014,99.724,False
Wyndham Vale,483250.0,479000.0,154.885,1933000.0,4,140708.3325,488.75,3120.06,0.013,99.737,False
Campbellfield,479500.0,450000.0,141.25,1918000.0,4,146291.66749999998,647.0,3394.69,0.013,99.75,False
Coolaroo,471750.0,458500.0,135.5,1887000.0,4,146520.8325,566.25,3481.55,0.013,99.763,False
Cranbourne,615669.3333333334,572000.0,198.0,1847008.0,3,147800.53333333333,563.3333333333334,3109.44,0.013,99.776,False
Burnside Heights,594333.3333333334,593000.0,185.0,1783000.0,3,198111.11,457.0,3212.61,0.012,99.788,False
Seabrook,581666.6666666666,590000.0,139.33333333333334,1745000.0,3,177500.0,531.0,4174.64,0.012,99.8,False
Chirnside Park,775991.0,775991.0,176.0,1551982.0,2,220664.41499999998,839.5,4409.04,0.011,99.811,False
Pakenham,496333.3333333333,435000.0,287.6666666666667,1489000.0,3,124083.33333333333,526.0,1725.38,0.01,99.821,False
Kurunjang,353000.0,353500.0,138.0,1412000.0,4,102937.5,656.75,2557.97,0.01,99.831,False
Hurstbridge,695000.0,695000.0,177.5,1390000.0,2,179000.0,909.5,3915.49,0.01,99.841,False
New Gisborne,1355000.0,1355000.0,373.0,1355000.0,1,271000.0,2978.0,3632.71,0.009,99.85,False
Keilor Lodge,660000.0,660000.0,160.0,1320000.0,2,193333.33500000002,690.0,4125.0,0.009,99.859,False
Burnside,618750.0,618750.0,152.0,1237500.0,2,206250.0,546.0,4070.72,0.009,99.868,False
Beaconsfield,603500.0,603500.0,179.25,1207000.0,2,173250.0,680.0,3366.81,0.008,99.876,False
Skye,597849.0,597849.0,171.0,1195698.0,2,149462.25,582.5,3496.19,0.008,99.884,False
Cranbourne North,585000.0,585000.0,169.5,1170000.0,2,146250.0,595.5,3451.33,0.008,99.892,False
Mount Evelyn,567500.0,567500.0,114.0,1135000.0,2,189166.67,1650.0,4978.07,0.008,99.9,False
Williams Landing,532500.0,532500.0,204.0,1065000.0,2,156250.0,354.0,2610.29,0.007,99.907,False
Diggers Rest,525000.0,525000.0,192.0,1050000.0,2,123750.0,729.0,2734.38,0.007,99.914,False
Wonga Park,900000.0,900000.0,177.0,900000.0,1,300000.0,0.0,5084.75,0.006,99.92,False
Riddells Creek,817000.0,817000.0,272.4,817000.0,1,204250.0,1459.0,2999.27,0.006,99.926,False
Croydon South,800000.0,800000.0,130.0,800000.0,1,266666.67,865.0,6153.85,0.006,99.932,False
Montrose,735000.0,735000.0,160.0,735000.0,1,183750.0,846.0,4593.75,0.005,99.937,False
Monbulk,720000.0,720000.0,190.0,720000.0,1,180000.0,1611.0,3789.47,0.005,99.942,False
Beaconsfield Upper,675000.0,675000.0,161.0,675000.0,1,168750.0,1031.0,4192.55,0.005,99.947,False
Emerald,655000.0,655000.0,81.79,655000.0,1,327500.0,1000.0,8008.31,0.005,99.952,False
Healesville,650000.0,650000.0,156.6,650000.0,1,216666.67,724.0,4150.7,0.004,99.956,False
Sandhurst,645000.0,645000.0,187.0,645000.0,1,161250.0,448.0,3449.2,0.004,99.96,False
Attwood,640000.0,640000.0,130.0,640000.0,1,213333.33,607.0,4923.08,0.004,99.964,False
Plumpton,625500.0,625500.0,178.0,625500.0,1,156375.0,477.0,3514.04,0.004,99.968,False
Yarra Glen,620000.0,620000.0,180.56,620000.0,1,206666.67,863.0,3433.76,0.004,99.972,False
Whittlesea,601000.0,601000.0,149.0,601000.0,1,200333.33,972.0,4033.56,0.004,99.976,False
Upwey,575000.0,575000.0,96.0,575000.0,1,287500.0,1200.0,5989.58,0.004,99.98,False
Officer,559000.0,559000.0,190.0,559000.0,1,139750.0,480.0,2942.11,0.004,99.984,False
Bullengarook,535000.0,535000.0,130.0,535000.0,1,178333.33,2978.0,4115.38,0.004,99.988,False
Brookfield,456000.0,456000.0,189.0,456000.0,1,114000.0,576.0,2412.7,0.003,99.991,False
Wallan,366000.0,366000.0,77.0,366000.0,1,122000.0,502.0,4753.25,0.003,99.994,False
Rockbank,340000.0,340000.0,96.0,340000.0,1,170000.0,609.0,3541.67,0.002,99.996,False
Bacchus Marsh,300000.0,300000.0,130.0,300000.0,1,100000.0,612.0,2307.69,0.002,99.998,False
